Neighborhood,Zip Code
,20001
Adams Morgan,20009
American University Park,20016
Arboretum,20002
Barnaby Woods,20015
Barry Farm,20020
Bellevue,20032
Benning,20019
Benning Heights,20019
Buena Vista,20020
Bloomingdale,20017
Brentwood,20722
Brightwood,20011
Brightwood Park,20011
Brookland,20017
Burleith,20007
Burrville,20019
Buzzard Point,20024
Capitol Hill,20003
Capitol View,20020
Cardozo,20001
Carver Langston,20002
Cathedral Heights,20016
Chevy Chase,20015
Chinatown,20001
Cleveland Park,20008
Colonial Village,20012
Columbia Heights,20010
Congress Heights,20032
Connecticut Avenue,20036
Crestwood,20011
Deanwood,20019
Douglass,20020
Downtown,20001
Dupont Circle,20036
Dupont Park,20020
Eastland Gardens,20019
Eckington,20002
Edgewood,20017
Fairfax Village,20020
Fairlawn,20020
Fairmont Heights,20009
Foggy Bottom,20037
Forest Hills,20008
Fort Davis Park,20020
Fort Dupont,20019
Fort Lincoln,20018
Fort McNair,20319
Fort Stanton,20020
Fort Totten,20011
Foxhall Crescent,20007
Foxhall Village,20007
Friendship Heights,20016
Garfield Heights,20020
Gateway,20018
Georgetown,20007
Georgetown Reservoir,20007
Glover Park,20007
Grant Park,20019
Greenway,20019
GWU,20037
Hawthorne,20015
Hillandale,20007
Hillbrook,20016
Hillcrest,20020
Historic Anacostia,20020
Howard University,20001
Ivy City,20002
Kalorama Heights,20009
K Street,20006
Kenilworth,20019
Kingman Park,20002
Knox Hill,20020
Lamond Riggs,20011
Lanier Heights,20009
Langdon,20018
Le Droit Park,20001
Lincoln Heights,20019
Lincoln Park,20002
Logan Circle,20001
Mahaning Heights,20016
Manor Park,20011
Marshall Heights,20019
Massachusetts Avenue Heights,20007
Mayfair,20019
McLean Gardens,20016
Michigan Park,20017
Mount Vernon Square,20001
Mt. Pleasant,20010
Navy Yard,20003
Naylor Gardens,20020
Near Southeast,20003
NoMa,20002
North Capitol Street,20002
North Cleveland Park,20008
North Michigan Park,20017
North Portal Estates,20012
Palisades,20016
Park View,20010
Penn Branch,20019
Penn Quarter,20004
Petworth,20011
Pleasant Hill,20020
Pleasant Plains,20010
Queens Chapel,20011
Randle Highlands,20020
River Terrace,20019
Shaw,20001
Shepherd Park,20012
Sheridan,20011
Shipley Terrace,20020
Southwest Employment Area,20024
Southwest,20024
Southwest Waterfront,20024
Spring Valley,20016
Stanton Park,20002
Summit Park,20009
Takoma,20012
Tenleytown,20016
Trinidad,20002
Truxton Circle,20017
Twining,20020
Union Station,20002
University Heights,20017
Van Ness,20008
Washington Highland,20032
Wesley Heights,20016
West End,20037
Woodland-Normanstone Terrace,20008
Woodley Park,20008
Woodland,20008
Woodridge,20018
